{
  "rooms": [
    {
      "room_id": 1,
      "area_sqm": 4.470000000000001,
      "polygon_coordinates": [
        [
          -3.295,
          -4.895
        ],
        [
          -3.745,
          -4.495
        ],
        [
          -5.895,
          -2.395
        ],
        [
          -5.995,
          -2.295
        ],
        [
          -6.245,
          -1.945
        ],
        [
          -5.845,
          0.405
        ],
        [
          -5.795,
          0.455
        ],
        [
          -5.645,
          0.555
        ],
        [
          -5.595,
          0.555
        ],
        [
          -5.495,
          0.505
        ],
        [
          -1.695,
          -2.145
        ],
        [
          -1.295,
          -2.645
        ],
        [
          -1.145,
          -3.145
        ],
        [
          -1.195,
          -3.395
        ],
        [
          -1.295,
          -3.745
        ],
        [
          -2.145,
          -4.595
        ],
        [
          -2.195,
          -4.645
        ],
        [
          -2.495,
          -4.895
        ],
        [
          -3.295,
          -4.895
        ]
      ]
    },
    {
      "room_id": 2,
      "area_sqm": 44.337500000000006,
      "polygon_coordinates": [
        [
          -4.195,
          -3.745
        ],
        [
          -4.845,
          -3.145
        ],
        [
          -6.395,
          -1.645
        ],
        [
          -6.845,
          -1.195
        ],
        [
          -6.845,
          -1.145
        ],
        [
          -5.395,
          0.855
        ],
        [
          -4.645,
          1.655
        ],
        [
          -2.795,
          3.605
        ],
        [
          -1.845,
          4.605
        ],
        [
          -1.345,
          5.105
        ],
        [
          -1.295,
          5.105
        ],
        [
          -0.495,
          4.355
        ],
        [
          0.305,
          3.605
        ],
        [
          2.755,
          1.255
        ],
        [
          3.005,
          1.005
        ],
        [
          2.405,
          0.105
        ],
        [
          1.255,
          -1.095
        ],
        [
          0.055,
          -2.345
        ],
        [
          -0.695,
          -2.845
        ],
        [
          -4.145,
          -3.745
        ],
        [
          -4.195,
          -3.745
        ]
      ]
    },
    {
      "room_id": 3,
      "area_sqm": 0.5650000000000001,
      "polygon_coordinates": [
        [
          -6.895,
          -1.145
        ],
        [
          -7.095,
          -0.945
        ],
        [
          -6.895,
          -0.695
        ],
        [
          -5.895,
          0.305
        ],
        [
          -5.845,
          0.305
        ],
        [
          -5.745,
          0.155
        ],
        [
          -5.745,
          0.055
        ],
        [
          -6.345,
          -0.595
        ],
        [
          -6.795,
          -1.045
        ],
        [
          -6.895,
          -1.145
        ]
      ]
    },
    {
      "room_id": 4,
      "area_sqm": 14.255000000000003,
      "polygon_coordinates": [
        [
          -7.245,
          -0.845
        ],
        [
          -8.045,
          -0.095
        ],
        [
          -9.545,
          1.355
        ],
        [
          -9.645,
          1.505
        ],
        [
          -9.645,
          1.555
        ],
        [
          -8.645,
          2.605
        ],
        [
          -7.445,
          3.855
        ],
        [
          -7.145,
          4.155
        ],
        [
          -6.895,
          4.405
        ],
        [
          -6.795,
          4.505
        ],
        [
          -6.745,
          4.505
        ],
        [
          -5.795,
          3.605
        ],
        [
          -4.745,
          2.605
        ],
        [
          -4.545,
          2.405
        ],
        [
          -4.345,
          2.205
        ],
        [
          -4.345,
          2.155
        ],
        [
          -5.045,
          1.405
        ],
        [
          -5.995,
          0.405
        ],
        [
          -6.045,
          0.355
        ],
        [
          -6.295,
          0.105
        ],
        [
          -6.545,
          -0.145
        ],
        [
          -7.245,
          -0.845
        ]
      ]
    },
    {
      "room_id": 5,
      "area_sqm": 15.205000000000004,
      "polygon_coordinates": [
        [
          -9.845,
          1.655
        ],
        [
          -11.195,
          2.955
        ],
        [
          -11.395,
          3.155
        ],
        [
          -12.195,
          3.955
        ],
        [
          -12.345,
          4.105
        ],
        [
          -12.345,
          4.155
        ],
        [
          -12.295,
          4.255
        ],
        [
          -11.195,
          5.405
        ],
        [
          -9.795,
          6.855
        ],
        [
          -9.745,
          6.905
        ],
        [
          -9.645,
          7.005
        ],
        [
          -9.545,
          7.105
        ],
        [
          -9.445,
          7.105
        ],
        [
          -8.945,
          6.655
        ],
        [
          -7.245,
          5.005
        ],
        [
          -6.895,
          4.655
        ],
        [
          -6.895,
          4.605
        ],
        [
          -8.045,
          3.405
        ],
        [
          -9.595,
          1.805
        ],
        [
          -9.695,
          1.705
        ],
        [
          -9.795,
          1.655
        ],
        [
          -9.845,
          1.655
        ]
      ]
    },
    {
      "room_id": 6,
      "area_sqm": 9.757500000000002,
      "polygon_coordinates": [
        [
          -4.195,
          2.305
        ],
        [
          -4.345,
          2.355
        ],
        [
          -4.945,
          2.905
        ],
        [
          -5.595,
          3.505
        ],
        [
          -7.695,
          5.505
        ],
        [
          -9.345,
          7.155
        ],
        [
          -9.395,
          7.255
        ],
        [
          -8.795,
          7.905
        ],
        [
          -8.645,
          8.055
        ],
        [
          -8.145,
          8.555
        ],
        [
          -7.945,
          8.755
        ],
        [
          -7.345,
          8.205
        ],
        [
          -6.945,
          7.805
        ],
        [
          -3.545,
          3.205
        ],
        [
          -3.495,
          3.105
        ],
        [
          -3.495,
          3.055
        ],
        [
          -3.595,
          2.855
        ],
        [
          -3.645,
          2.805
        ],
        [
          -4.145,
          2.305
        ],
        [
          -4.195,
          2.305
        ]
      ]
    },
    {
      "room_id": 7,
      "area_sqm": 5.370000000000001,
      "polygon_coordinates": [
        [
          -3.445,
          3.255
        ],
        [
          -3.945,
          3.655
        ],
        [
          -4.495,
          4.205
        ],
        [
          -4.695,
          4.455
        ],
        [
          -4.695,
          4.505
        ],
        [
          -4.395,
          4.855
        ],
        [
          -3.945,
          5.305
        ],
        [
          -2.795,
          6.455
        ],
        [
          -2.695,
          6.455
        ],
        [
          -1.445,
          5.255
        ],
        [
          -1.445,
          5.205
        ],
        [
          -2.095,
          4.505
        ],
        [
          -2.745,
          3.855
        ],
        [
          -3.145,
          3.455
        ],
        [
          -3.345,
          3.255
        ],
        [
          -3.445,
          3.255
        ]
      ]
    },
    {
      "room_id": 8,