{
	"class_name" : "PinholeCameraParameters",
	"extrinsic" : 
	[
		-0.47017261623602769,
		-0.20122429413405463,
		0.85932909551115544,
		0.0,
		-0.70748870870894376,
		0.6680209376016033,
		-0.23066806015403657,
		0.0,
		-0.52763381050793201,
		-0.71641943746392478,
		-0.45644906795036105,
		0.0,
		-0.49216522846170285,
		-1.4559762317995322,
		23.612922093295104,
		1.0
	],
	"intrinsic" : 
	{
		"height" : 1055,
		"intrinsic_matrix" : 
		[
			913.65680099258282,
			0.0,
			0.0,
			0.0,
			913.65680099258282,
			0.0,
			959.5,
			527.0,
			1.0
		],
		"width" : 1920
	},
	"version_major" : 1,
	"version_minor" : 0
}