{
  "rooms": [
    {
      "room_id": 1,
      "area_sqm": 49.42000000000001,
      "polygon_coordinates": [
        [
          -3.295,
          -4.895
        ],
        [
          -3.745,
          -4.495
        ],
        [
          -3.995,
          -4.245
        ],
        [
          -7.095,
          -0.945
        ],
        [
          -6.945,
          -0.745
        ],
        [
          -3.045,
          3.355
        ],
        [
          -1.595,
          4.855
        ],
        [
          -1.345,
          5.105
        ],
        [
          -1.245,
          5.055
        ],
        [
          -0.645,
          4.505
        ],
        [
          2.655,
          1.355
        ],
        [
          2.755,
          1.255
        ],
        [
          2.955,
          1.055
        ],
        [
          2.955,
          0.955
        ],
        [
          2.355,
          0.055
        ],
        [
          1.455,
          -0.895
        ],
        [
          -2.345,
          -4.845
        ],
        [
          -2.695,
          -4.895
        ],
        [
          -3.295,
          -4.895
        ]
      ]
    },
    {
      "room_id": 2,
      "area_sqm": 14.190000000000003,
      "polygon_coordinates": [
        [
          -7.245,
          -0.795
        ],
        [
          -7.345,
          -0.745
        ],
        [
          -8.045,
          -0.095
        ],
        [
          -9.545,
          1.355
        ],
        [
          -9.595,
          1.405
        ],
        [
          -9.645,
          1.505
        ],
        [
          -9.645,
          1.555
        ],
        [
          -7.445,
          3.855
        ],
        [
          -7.145,
          4.155
        ],
        [
          -6.795,
          4.505
        ],
        [
          -6.745,
          4.505
        ],
        [
          -6.145,
          3.955
        ],
        [
          -4.745,
          2.605
        ],
        [
          -4.545,
          2.405
        ],
        [
          -4.345,
          2.205
        ],
        [
          -4.345,
          2.155
        ],
        [
          -6.745,
          -0.395
        ],
        [
          -7.195,
          -0.795
        ],
        [
          -7.245,
          -0.795
        ]
      ]
    },
    {
      "room_id": 3,
      "area_sqm": 15.122500000000002,
      "polygon_coordinates": [
        [
          -9.845,
          1.655
        ],
        [
          -11.445,
          3.205
        ],
        [
          -12.195,
          3.955
        ],
        [
          -12.345,
          4.105
        ],
        [
          -12.345,
          4.155
        ],
        [
          -12.295,
          4.255
        ],
        [
          -11.195,
          5.405
        ],
        [
          -9.845,
          6.805
        ],
        [
          -9.495,
          7.155
        ],
        [
          -8.945,
          6.655
        ],
        [
          -7.245,
          5.005
        ],
        [
          -6.945,
          4.705
        ],
        [
          -6.895,
          4.655
        ],
        [
          -6.945,
          4.555
        ],
        [
          -8.045,
          3.405
        ],
        [
          -9.795,
          1.655
        ],
        [
          -9.845,
          1.655
        ]
      ]
    },
    {
      "room_id": 4,
      "area_sqm": 9.705000000000002,
      "polygon_coordinates": [
        [
          -4.245,
          2.305
        ],
        [
          -4.345,
          2.355
        ],
        [
          -6.045,
          3.905
        ],
        [
          -7.845,
          5.655
        ],
        [
          -9.345,
          7.155
        ],
        [
          -9.395,
          7.255
        ],
        [
          -8.745,
          7.955
        ],
        [
          -8.145,
          8.555
        ],
        [
          -7.945,
          8.755
        ],
        [
          -7.345,
          8.205
        ],
        [
          -6.945,
          7.805
        ],
        [
          -6.895,
          7.755
        ],
        [
          -3.495,
          3.155
        ],
        [
          -3.495,
          3.105
        ],
        [
          -3.595,
          2.855
        ],
        [
          -3.945,
          2.455
        ],
        [
          -4.145,
          2.305
        ],
        [
          -4.245,
          2.305
        ]
      ]
    },
    {
      "room_id": 5,
      "area_sqm": 5.310000000000001,
      "polygon_coordinates": [
        [
          -3.445,
          3.255
        ],
        [
          -4.045,
          3.755
        ],
        [
          -4.195,
          3.905
        ],
        [
          -4.345,
          4.055
        ],
        [
          -4.645,
          4.405
        ],
        [
          -4.695,
          4.505
        ],
        [
          -4.095,
          5.155
        ],
        [
          -3.945,
          5.305
        ],
        [
          -2.795,
          6.455
        ],
        [
          -2.745,
          6.455
        ],
        [
          -2.645,
          6.405
        ],
        [
          -1.445,
          5.255
        ],
        [
          -1.445,
          5.205
        ],
        [
          -2.195,
          4.405
        ],
        [
          -2.645,
          3.955
        ],
        [
          -3.145,
          3.455
        ],
        [
          -3.345,
          3.255
        ],
        [
          -3.445,
          3.255
        ]
      ]
    },
    {
      "room_id": 6,
      "area_sqm": 4.920000000000001,
      "polygon_coordinates": [
        [
          -4.945,
          4.655
        ],
        [
          -5.345,
          5.005
        ],
        [
          -5.945,
          5.655
        ],
        [
          -5.995,
          5.755
        ],
        [
          -5.995,
          5.805
        ],
        [
          -4.995,
          6.905
        ],
        [
          -4.395,
          7.555
        ],
        [
          -4.145,
          7.805
        ],
        [
          -4.095,
          7.805
        ],
        [
          -3.495,
          7.255
        ],
        [
          -3.445,
          7.205
        ],
        [
          -2.895,
          6.655
        ],
        [
          -2.895,
          6.605
        ],
        [
          -3.445,
          6.005
        ],
        [
          -4.045,
          5.405
        ],
        [
          -4.795,
          4.655
        ],
        [
          -4.945,
          4.655
        ]
      ]
    }
  ]
}