voxel_size,point_count,total_area_m2,computation_time_s
0.01,441908,100.0275,2756.3257632255554
0.02,170954,98.6675,428.20058369636536
0.03,98928,99.3475,199.49761939048767
0.05,50892,68.7025,74.87120223045349
0.08,32322,36.65,36.38042902946472
0.1,48019,0.0,29.470023155212402
