{
  "rooms": [
    {
      "room_id": 1,
      "area_sqm": 4.335000000000001,
      "polygon_coordinates": [
        [
          -3.285,
          -4.895
        ],
        [
          -3.485,
          -4.745
        ],
        [
          -3.985,
          -4.245
        ],
        [
          -3.985,
          -4.195
        ],
        [
          -3.935,
          -4.045
        ],
        [
          -2.185,
          -1.695
        ],
        [
          -1.685,
          -2.195
        ],
        [
          -1.335,
          -2.745
        ],
        [
          -1.135,
          -3.145
        ],
        [
          -1.285,
          -3.695
        ],
        [
          -1.335,
          -3.795
        ],
        [
          -2.135,
          -4.595
        ],
        [
          -2.385,
          -4.845
        ],
        [
          -2.735,
          -4.895
        ],
        [
          -3.285,
          -4.895
        ]
      ]
    },
    {
      "room_id": 2,
      "area_sqm": 42.06000000000001,
      "polygon_coordinates": [
        [
          -4.185,
          -3.745
        ],
        [
          -4.585,
          -3.395
        ],
        [
          -6.435,
          -1.595
        ],
        [
          -6.585,
          -1.445
        ],
        [
          -6.635,
          -1.395
        ],
        [
          -6.685,
          -1.345
        ],
        [
          -4.085,
          2.205
        ],
        [
          -3.735,
          2.605
        ],
        [
          -3.035,
          3.355
        ],
        [
          -2.085,
          4.355
        ],
        [
          -1.335,
          5.105
        ],
        [
          -1.035,
          4.855
        ],
        [
          -0.135,
          4.005
        ],
        [
          2.165,
          1.805
        ],
        [
          2.265,
          1.705
        ],
        [
          2.765,
          1.205
        ],
        [
          2.965,
          1.005
        ],
        [
          2.915,
          0.905
        ],
        [
          2.215,
          0.105
        ],
        [
          0.065,
          -2.295
        ],
        [
          -0.635,
          -2.745
        ],
        [
          -4.185,
          -3.745
        ]
      ]
    },
    {
      "room_id": 3,
      "area_sqm": 29.187500000000007,
      "polygon_coordinates": [
        [
          -7.235,
          -0.795
        ],
        [
          -7.335,
          -0.745
        ],
        [
          -7.735,
          -0.395
        ],
        [
          -12.035,
          3.755
        ],
        [
          -12.235,
          3.955
        ],
        [
          -12.285,
          4.005
        ],
        [
          -12.335,
          4.105
        ],
        [
          -12.335,
          4.205
        ],
        [
          -11.735,
          4.855
        ],
        [
          -10.035,
          6.605
        ],
        [
          -9.985,
          6.655
        ],
        [
          -9.485,
          7.155
        ],
        [
          -8.635,
          6.355
        ],
        [
          -6.085,
          3.905
        ],
        [
          -4.385,
          2.205
        ],
        [
          -4.385,
          2.155
        ],
        [
          -4.585,
          1.905
        ],
        [
          -6.835,
          -0.445
        ],
        [
          -6.985,
          -0.595
        ],
        [
          -7.035,
          -0.645
        ],
        [
          -7.185,
          -0.795
        ],
        [
          -7.235,
          -0.795
        ]
      ]
    },
    {
      "room_id": 5,
      "area_sqm": 9.547500000000001,
      "polygon_coordinates": [
        [
          -4.285,
          2.305
        ],
        [
          -5.635,
          3.505
        ],
        [
          -7.535,
          5.355
        ],
        [
          -7.935,
          5.755
        ],
        [
          -8.885,
          6.755
        ],
        [
          -9.335,
          7.255
        ],
        [
          -9.335,
          7.305
        ],
        [
          -9.035,
          7.655
        ],
        [
          -8.285,
          8.455
        ],
        [
          -8.035,
          8.705
        ],
        [
          -7.985,
          8.755
        ],
        [
          -7.935,
          8.755
        ],
        [
          -7.885,
          8.705
        ],
        [
          -6.985,
          7.805
        ],
        [
          -6.935,
          7.755
        ],
        [
          -3.485,
          3.105
        ],
        [
          -3.585,
          2.855
        ],
        [
          -4.135,
          2.305
        ],
        [
          -4.285,
          2.305
        ]
      ]
    },
    {
      "room_id": 6,
      "area_sqm": 5.257500000000001,
      "polygon_coordinates": [
        [
          -3.435,
          3.255
        ],
        [
          -3.635,
          3.405
        ],
        [
          -4.035,
          3.755
        ],
        [
          -4.235,
          3.955
        ],
        [
          -4.485,
          4.205
        ],
        [
          -4.685,
          4.455
        ],
        [
          -4.685,
          4.505
        ],
        [
          -4.385,
          4.855
        ],
        [
          -2.935,
          6.355
        ],
        [
          -2.785,
          6.455
        ],
        [
          -2.735,
          6.455
        ],
        [
          -2.585,
          6.355
        ],
        [
          -2.385,
          6.155
        ],
        [
          -1.535,
          5.305
        ],
        [
          -1.485,
          5.205
        ],
        [
          -1.585,
          5.055
        ],
        [
          -2.585,
          4.005
        ],
        [
          -3.135,
          3.455
        ],
        [
          -3.285,
          3.305
        ],
        [
          -3.385,
          3.255
        ],
        [
          -3.435,
          3.255
        ]
      ]
    },
    {
      "room_id": 7,
      "area_sqm": 4.827500000000001,
      "polygon_coordinates": [
        [
          -4.935,
          4.655
        ],
        [
          -5.085,
          4.755
        ],
        [
          -5.435,
          5.105
        ],
        [
          -5.535,
          5.205
        ],
        [
          -5.835,
          5.555
        ],
        [
          -5.985,
          5.755
        ],
        [
          -5.985,
          5.805
        ],
        [
          -5.935,
          5.905
        ],
        [
          -4.485,
          7.455
        ],
        [
          -4.235,
          7.705
        ],
        [
          -4.135,
          7.805
        ],
        [
          -4.085,
          7.805
        ],
        [
          -3.085,
          6.855
        ],
        [
          -2.935,
          6.655
        ],
        [
          -2.935,
          6.555
        ],
        [
          -3.535,
          5.905
        ],
        [
          -4.035,
          5.405
        ],
        [
          -4.785,
          4.655
        ],
        [
          -4.935,
          4.655
        ]
      ]
    }
  ]
}