room_id,pixel_count,area_m2
1,4292,3.8628
2,44156,39.7404
3,14651,13.1859
5,15650,14.084999999999999
6,8014,7.2126
7,4656,4.1903999999999995
8,3389,3.0501
