{
  "rooms": [
    {
      "room_id": 1,
      "area_sqm": 49.13000000000001,
      "polygon_coordinates": [
        [
          -3.245,
          -4.945
        ],
        [
          -3.745,
          -4.495
        ],
        [
          -3.945,
          -4.295
        ],
        [
          -7.095,
          -0.945
        ],
        [
          -6.895,
          -0.695
        ],
        [
          -5.995,
          0.255
        ],
        [
          -4.095,
          2.255
        ],
        [
          -1.495,
          4.955
        ],
        [
          -1.345,
          5.105
        ],
        [
          -1.245,
          5.055
        ],
        [
          0.555,
          3.355
        ],
        [
          1.755,
          2.205
        ],
        [
          2.855,
          1.105
        ],
        [
          2.955,
          1.005
        ],
        [
          2.955,
          0.905
        ],
        [
          2.405,
          0.155
        ],
        [
          2.255,
          -0.045
        ],
        [
          1.455,
          -0.895
        ],
        [
          0.155,
          -2.245
        ],
        [
          -1.345,
          -3.795
        ],
        [
          -2.145,
          -4.595
        ],
        [
          -2.395,
          -4.845
        ],
        [
          -2.745,
          -4.945
        ],
        [
          -3.245,
          -4.945
        ]
      ]
    },
    {
      "room_id": 2,
      "area_sqm": 14.107500000000003,
      "polygon_coordinates": [
        [
          -7.245,
          -0.795
        ],
        [
          -7.495,
          -0.595
        ],
        [
          -9.345,
          1.205
        ],
        [
          -9.395,
          1.255
        ],
        [
          -9.645,
          1.505
        ],
        [
          -9.645,
          1.555
        ],
        [
          -9.045,
          2.205
        ],
        [
          -7.345,
          3.955
        ],
        [
          -7.195,
          4.105
        ],
        [
          -6.845,
          4.455
        ],
        [
          -6.745,
          4.455
        ],
        [
          -6.645,
          4.405
        ],
        [
          -6.145,
          3.955
        ],
        [
          -4.545,
          2.405
        ],
        [
          -4.345,
          2.205
        ],
        [
          -4.495,
          2.005
        ],
        [
          -5.245,
          1.205
        ],
        [
          -6.495,
          -0.095
        ],
        [
          -6.795,
          -0.395
        ],
        [
          -7.045,
          -0.645
        ],
        [
          -7.195,
          -0.795
        ],
        [
          -7.245,
          -0.795
        ]
      ]
    },
    {
      "room_id": 3,
      "area_sqm": 21.042500000000004,
      "polygon_coordinates": [
        [
          -4.245,
          2.305
        ],
        [
          -4.345,
          2.355
        ],
        [
          -5.595,
          3.505
        ],
        [
          -7.995,
          5.755
        ],
        [
          -9.345,
          7.205
        ],
        [
          -9.345,
          7.305
        ],
        [
          -8.845,
          7.855
        ],
        [
          -8.545,
          8.155
        ],
        [
          -8.045,
          8.655
        ],
        [
          -7.995,
          8.705
        ],
        [
          -7.945,
          8.705
        ],
        [
          -4.095,
          7.805
        ],
        [
          -3.345,
          7.105
        ],
        [
          -1.545,
          5.355
        ],
        [
          -1.445,
          5.205
        ],
        [
          -3.545,
          2.855
        ],
        [
          -4.145,
          2.305
        ],
        [
          -4.245,
          2.305
        ]
      ]
    },
    {
      "room_id": 4,
      "area_sqm": 15.067500000000003,
      "polygon_coordinates": [
        [
          -9.795,
          1.655
        ],
        [
          -9.945,
          1.755
        ],
        [
          -11.445,
          3.205
        ],
        [
          -11.895,
          3.655
        ],
        [
          -12.345,
          4.105
        ],
        [
          -12.345,
          4.155
        ],
        [
          -11.995,
          4.555
        ],
        [
          -10.945,
          5.655
        ],
        [
          -9.845,
          6.805
        ],
        [
          -9.495,
          7.105
        ],
        [
          -9.445,
          7.105
        ],
        [
          -8.695,
          6.405
        ],
        [
          -7.895,
          5.655
        ],
        [
          -6.995,
          4.755
        ],
        [
          -6.895,
          4.605
        ],
        [
          -7.995,
          3.455
        ],
        [
          -9.795,
          1.655
        ]
      ]
    }
  ]
}